<?xml version="1.0" encoding="UTF-8"?>
<beans xmlns="http://www.springframework.org/schema/beans"
	xmlns:xsi="http://www.w3.org/2001/XMLSchema-instance" xmlns:tx="http://www.springframework.org/schema/tx"
	xmlns:context="http://www.springframework.org/schema/context"
	xmlns:mvc="http://www.springframework.org/schema/mvc"
	xsi:schemaLocation="http://www.springframework.org/schema/beans 
	http://www.springframework.org/schema/beans/spring-beans-3.2.xsd 
	http://www.springframework.org/schema/tx 
	http://www.springframework.org/schema/tx/spring-tx-3.2.xsd
	http://www.springframework.org/schema/context
    http://www.springframework.org/schema/context/spring-context-3.2.xsd
	http://www.springframework.org/schema/mvc
    http://www.springframework.org/schema/mvc/spring-mvc-3.2.xsd">

	<!-- 默认的注解映射的支持 可以不用写出来 -->
	<!-- 会自动注册DefaultAnnotationHandlerMapping与AnnotationMethodHandlerAdapter 
		两个bean -->
	<mvc:annotation-driven />

	<!-- <mvc:view-controller path="/gsh" view-name="index"/> -->

	<!-- 选择velocity为视图解释类 
	<bean class="org.springframework.web.servlet.view.velocity.VelocityViewResolver">
		<property name="prefix" value="/pages/" />
		<property name="suffix" value=".vm" />
		<property name="contentType" value="text/html; charset=UTF-8" />
		<property name="cache" value="false" />
		<property name="requestContextAttribute" value="link" />
		<property name="exposeSpringMacroHelpers" value="true" />
		<property name="toolboxConfigLocation" value="/WEB-INF/classes/config/velocity/toolbox.xml" />
	</bean>
	-->
	
	<!-- velocity配置引擎 -->
	<!-- 页面文件的路径,相对于webapp -->
	<!-- 在配置文件中配置velocity属性
	<bean class="org.springframework.web.servlet.view.velocity.VelocityConfigurer">
		<property name="resourceLoaderPath" value="/WEB-INF" />
		<property name="configLocation" value="classpath:config/velocity/velocity.properties" />
	</bean> 
	-->
	
	<!-- // TODO 拦截器：事务、转发、错误 -->
	<mvc:interceptors>
		<mvc:interceptor>
			<mvc:mapping path="/**" />
			<bean class="com.mao.ssm.BaseInterceptor" />
		</mvc:interceptor>
	</mvc:interceptors>
	
	<bean id="exceptionHandler" class="com.mao.ssm.BaseExceptionHandler"/>


	<!-- 拦截器 -->
<!-- 	<mvc:interceptors> -->
<!-- 		<mvc:interceptor> -->
			<!-- 需拦截的地址 -->  
            <!-- 一级目录 -->  
<!--             <mvc:mapping path="/*.do" />   -->
<!--             <mvc:mapping path="/*.ajax" />   -->
<!--             <mvc:mapping path="/*.htm" /> -->
<!--             二级目录   -->
<!--             <mvc:mapping path="/*/*.do" />   -->
<!--             <mvc:mapping path="/*/*.ajax" />   -->
<!--             <mvc:mapping path="/*/*.htm" />   -->
            <!-- 需排除拦截的地址 -->  
<!--             <mvc:exclude-mapping path="/login.htm"/>
			<bean class="com.wawi.common.MyInteceptor" /> -->
<!-- 		</mvc:interceptor> -->
<!-- 	</mvc:interceptors> -->

	<!-- 对静态资源文件的访问 方案一 （二选一） -->
	<!-- <mvc:default-servlet-handler /> -->

	<!-- 对静态资源文件的访问 方案二 （二选一） -->
	<!-- <mvc:resources mapping="/images/**" location="/images/" -->
	<!-- cache-period="31556926" /> -->
	<!-- <mvc:resources mapping="/js/**" location="/js/" -->
	<!-- cache-period="31556926" /> -->
	<!-- <mvc:resources mapping="/css/**" location="/css/" -->
	<!-- cache-period="31556926" /> -->
	
	<mvc:resources mapping="/**/style/**/**" location="/" />
	<mvc:resources mapping="**.html" location="/" />
	<mvc:resources mapping="**.ico" location="/" />

	<bean id="stringHttpMessageConverter"
		class="org.springframework.http.converter.StringHttpMessageConverter">
		<property name="supportedMediaTypes">
			<list>
				<value>text/plain;charset=UTF-8</value>
			</list>
		</property>
	</bean>
	<bean id="mappingJacksonHttpMessageConverter"
		class="org.springframework.http.converter.json.MappingJackson2HttpMessageConverter">
		<property name="supportedMediaTypes">
			<value>text/plain;charset=UTF-8</value>
		</property>
	</bean>

	<bean class="org.springframework.web.servlet.mvc.annotation.AnnotationMethodHandlerAdapter">
		<property name="messageConverters">
			<list>
				<ref bean="stringHttpMessageConverter" />
				<ref bean="mappingJacksonHttpMessageConverter" />
			</list>
		</property>
	</bean>

	<!-- 支持上传文件 -->
	<bean id="multipartResolver"
		class="org.springframework.web.multipart.commons.CommonsMultipartResolver" />
		
	<bean class="org.springframework.web.servlet.view.InternalResourceViewResolver">
		<property name="prefix" value="/" />
		<property name="suffix" value=".jsp" />
	</bean>

</beans> 
