<?xml version="1.0" encoding="UTF-8"?>
<!DOCTYPE mapper PUBLIC "-//mybatis.org//DTD Mapper 3.0//EN"
	"http://mybatis.org/dtd/mybatis-3-mapper.dtd">

<mapper namespace="com.bszy.admin.mapper.ArttagMapper" >
	
	<sql id="sql_list_where">
		<trim prefix="WHERE" prefixOverrides="AND | OR">
			<if test="name != null and name != ''">AND a.name LIKE CONCAT('%',#{name},'%' )</if>
			<if test="isdel != null">AND a.isdel = #{isdel}</if>
		</trim>
	</sql>
	
	<select id="list" resultType="Arttag" >
		SELECT a.* FROM tbl_arttag a
		<include refid="sql_list_where"></include>
		<include refid="Common.sql_order_asc_limit"></include>
	</select>
	<select id="lscount" resultType="Long" >
		SELECT COUNT(0) FROM tbl_arttag a
		<include refid="sql_list_where"></include>
	</select>
	
	<select id="list_idname" resultType="IdName" >
		SELECT a.id, a.name FROM tbl_arttag a
		<include refid="sql_list_where"></include>
		<include refid="Common.sql_order_asc_limit"></include>
	</select>
	
	
	<select id="get" resultType="Arttag" >
		SELECT a.* FROM tbl_arttag a WHERE a.id = #{id}
	</select>
	<delete id="delete" >
		DELETE FROM tbl_arttag WHERE id = #{id}
	</delete>
	<delete id="dels">
		DELETE FROM tbl_arttag WHERE id in(${ids})
	</delete>
	
	<insert id="add" useGeneratedKeys="true" keyProperty="id" >
		INSERT INTO tbl_arttag(name, sortn, ctime, utime, isdel) 
		VALUES(#{name}, #{sortn}, #{ctime}, #{utime}, #{isdel})
	</insert>
	
	<update id="update" >
		UPDATE tbl_arttag a
		<trim prefix="SET" suffixOverrides=",">
			<if test="name != null">a.name = #{name},</if>
			<if test="sortn != null">a.sortn = #{sortn},</if>
			<if test="utime != null">a.utime = #{utime},</if>
			<if test="isdel != null">a.isdel = #{isdel},</if>
		</trim>
		WHERE a.id = #{id}
	</update>
    
</mapper>