<?xml version="1.0" encoding="UTF-8"?>
<!DOCTYPE mapper PUBLIC "-//mybatis.org//DTD Mapper 3.0//EN"
	"http://mybatis.org/dtd/mybatis-3-mapper.dtd">

<mapper namespace="com.bszy.admin.mapper.CategoryMapper" >

	<sql id="sql_list_where">
		<trim prefix="WHERE" prefixOverrides="AND | OR">
			<if test="name != null and name != ''">AND a.name LIKE CONCAT('%',#{name},'%' )</if>
			<if test="isdel != null">AND a.isdel = #{isdel}</if>
		</trim>
	</sql>
	
	<select id="list" resultType="Category" >
		SELECT a.* FROM tbl_category a
		<include refid="sql_list_where"></include>
		<include refid="Common.sql_order_asc_limit"></include>
	</select>
	<select id="lscount" resultType="Long" >
		SELECT COUNT(0) FROM tbl_category a
		<include refid="sql_list_where"></include>
	</select>
	
	
	<select id="get" resultType="Category" >
		SELECT a.* FROM tbl_category a WHERE a.id = #{id}
	</select>
	<delete id="delete">
		DELETE FROM tbl_category WHERE id = #{id}
	</delete>
	<delete id="dels">
		DELETE FROM tbl_category WHERE id in(${ids})
	</delete>
	
	<insert id="add" useGeneratedKeys="true" keyProperty="id" >
		INSERT INTO tbl_category(name, sortn, img, ctime, utime, isdel) 
		VALUES(#{name}, #{sortn}, #{img}, #{ctime}, #{utime}, #{isdel})
	</insert>
	<update id="update" >
		UPDATE tbl_category a
		<trim prefix="SET" suffixOverrides=",">
			<if test="name != null">a.name = #{name},</if>
			<if test="sortn != null">a.sortn = #{sortn},</if>
			<if test="img != null">a.img = #{img},</if>
			<if test="utime != null">a.utime = #{utime},</if>
			<if test="isdel != null">a.isdel = #{isdel},</if>
		</trim>
		WHERE a.id = #{id}
	</update>
	
	<select id="list_idname" resultType="IdName" >
		SELECT a.id, a.name FROM tbl_category a
		<include refid="sql_list_where"></include>
		<include refid="Common.sql_order_asc_limit"></include>
	</select>
	<select id="list_art" resultType="AppCategoryArt" >
		select c.id, c.name, c.img, aw.id artid, aw.name artname from tbl_category c left join (
			select a.id, a.name, a.cateid from tbl_article as a
			where a.isdel=0 and a.recom = 1 and #{num} > (
			      select count(*) from tbl_article aa 
			      where aa.isdel=0 and aa.recom=1 and aa.cateid = a.cateid and aa.id > a.id
			)
			order by a.id desc
		) as aw on c.id = aw.cateid
		where c.isdel=0
	</select>
	
    
</mapper>