<?xml version="1.0" encoding="UTF-8"?>
<!DOCTYPE mapper PUBLIC "-//mybatis.org//DTD Mapper 3.0//EN"
	"http://mybatis.org/dtd/mybatis-3-mapper.dtd">

<mapper namespace="com.bszy.admin.mapper.CommentMapper" >

	<sql id="sql_list_where">
		<trim prefix="WHERE" prefixOverrides="AND | OR">
			AND a.commid is null
			<if test="artid != null">AND a.artid = #{artid}</if>
			<if test="artname != null and artname != ''">AND art.name LIKE CONCAT('%',#{artname},'%' )</if>
			
			<if test="authorid != null">AND a.authorid = #{authorid}</if>
			<if test="authornname != null and authornname != ''">AND au.nname LIKE CONCAT('%',#{authornname},'%' )</if>
			
			<if test="userid != null">AND a.userid = #{userid}</if>
			<if test="usernname != null and usernname != ''">AND uu.nname LIKE CONCAT('%',#{usernname},'%' )</if>
			
			<if test="touserid != null">AND a.touserid = #{touserid}</if>
			<if test="tousernname != null and tousernname != ''">AND tu.nname LIKE CONCAT('%',#{tousernname},'%' )</if>
			
			<if test="content != null and content != ''">AND a.content LIKE CONCAT('%',#{content},'%' )</if>
			<if test="isdel != null">AND a.isdel = #{isdel}</if>
		</trim>
	</sql>
	
	<select id="list" resultType="Comment" >
		SELECT a.*, art.name artname, au.nname authornname, au.head authorhead, uu.nname usernname, uu.head userhead, tu.nname tousernname, tu.head userhead
		FROM tbl_comment a
		LEFT JOIN tbl_article art on art.id = a.artid
		LEFT JOIN tbl_user au on au.id = a.authorid
		LEFT JOIN tbl_user uu on uu.id = a.userid
		LEFT JOIN tbl_user tu on tu.id = a.touserid
		<include refid="sql_list_where"></include>
		<include refid="Common.sql_order_asc_limit"></include>
	</select>
	<select id="lscount" resultType="Long" >
		SELECT COUNT(0) FROM tbl_comment a
		LEFT JOIN tbl_article art on art.id = a.artid
		LEFT JOIN tbl_user au on au.id = a.authorid
		LEFT JOIN tbl_user uu on uu.id = a.userid
		LEFT JOIN tbl_user tu on tu.id = a.touserid
		<include refid="sql_list_where"></include>
	</select>
	
	<sql id="sql_applistref_where">
		<trim prefix="WHERE" prefixOverrides="AND | OR">
			AND a.artid = #{artid}
			<if test="isdel != null">AND a.isdel = #{isdel}</if>
		</trim>
	</sql>
	
	<select id="applistref" resultType="AppCommentRef" >
		SELECT a.artid, a.authorid, 
	       a.userid, uu.nname usernname, uu.head userhead, a.content, 
	       a.commid, (SELECT content FROM tbl_comment WHERE id = a.commid limit 1) as commcontent,
	       a.touserid, tu.nname tousernname, tu.head touserhead,
	       a.id, a.ctime
		FROM tbl_comment a
		LEFT JOIN tbl_user uu on uu.id = a.userid
		LEFT JOIN tbl_user tu on tu.id = a.touserid
		<include refid="sql_applistref_where"></include>
		<include refid="Common.sql_order_asc_limit"></include>
	</select>
	<select id="applsrefcount" resultType="Long" >
		SELECT COUNT(0) FROM tbl_comment a
		LEFT JOIN tbl_user uu on uu.id = a.userid
		LEFT JOIN tbl_user tu on tu.id = a.touserid
		<include refid="sql_applistref_where"></include>
	</select>
	
	<sql id="sql_applist_where">
		<trim prefix="WHERE" prefixOverrides="AND | OR">
			AND a.commid is null AND a.artid = #{artid}
			<if test="isdel != null">AND a.isdel = #{isdel}</if>
		</trim>
	</sql>
	
	<select id="applist" resultType="AppCommentSimple" >
		SELECT a.*, au.nname authornname, au.head authorhead, uu.nname usernname, uu.head userhead
		FROM tbl_comment a
		LEFT JOIN tbl_user au on au.id = a.authorid
		LEFT JOIN tbl_user uu on uu.id = a.userid
		<include refid="sql_applist_where"></include>
		<include refid="Common.sql_order_asc_limit"></include>
	</select>
	<select id="applscount" resultType="Long" >
		SELECT COUNT(0) FROM tbl_comment a
		LEFT JOIN tbl_user au on au.id = a.authorid
		LEFT JOIN tbl_user uu on uu.id = a.userid
		<include refid="sql_applist_where"></include>
	</select>
	
	<sql id="sql_appsublist_where">
		<trim prefix="WHERE" prefixOverrides="AND | OR">
			AND a.artid = #{artid} AND a.commid is not null AND a.commid in ( ${commids} )
			<if test="isdel != null">AND a.isdel = #{isdel}</if>
		</trim>
	</sql>
	<select id="appsublist" resultType="AppCommentSub" >
		SELECT a.*, au.nname authornname, au.head authorhead, uu.nname usernname, uu.head userhead, tu.nname tousernname, tu.head userhead
		FROM tbl_comment a
		LEFT JOIN tbl_user au on au.id = a.authorid
		LEFT JOIN tbl_user uu on uu.id = a.userid
		LEFT JOIN tbl_user tu on tu.id = a.touserid
		<include refid="sql_appsublist_where"></include>
		<include refid="Common.sql_order_asc_limit"></include>
	</select>
	
	
	<select id="get" resultType="Comment" >
		SELECT a.*, art.name artname, au.nname authornname, au.head authorhead, uu.nname usernname, uu.head userhead, tu.nname tousernname, tu.head userhead
		FROM tbl_comment a 
		LEFT JOIN tbl_article art on art.id = a.artid
		LEFT JOIN tbl_user au on au.id = a.authorid
		LEFT JOIN tbl_user uu on uu.id = a.userid
		LEFT JOIN tbl_user tu on tu.id = a.touserid
		WHERE a.id = #{id}
	</select>
	<delete id="delete">
		DELETE FROM tbl_comment WHERE id = #{id}
	</delete>
	<delete id="dels">
		DELETE FROM tbl_comment WHERE id in(${ids})
	</delete>
	
	<insert id="add" useGeneratedKeys="true" keyProperty="id" >
		INSERT INTO tbl_comment(artid, authorid, userid, touserid, commid, 
			content, imgs, liken, commn,
			ctime, utime, isdel) 
		VALUES(#{artid}, (select userid from tbl_article where id = #{artid} limit 1), 
			#{userid}, #{touserid}, #{commid}, 
			#{content}, #{imgs}, #{liken}, #{commn}, 
			#{ctime}, #{utime}, #{isdel})
	</insert>
	<update id="update" >
		UPDATE tbl_comment a
		<trim prefix="SET" suffixOverrides=",">
			<if test="artid != null">a.artid = #{artid},</if>
			<if test="authorid != null">a.authorid = #{authorid},</if>
			<if test="userid != null">a.userid = #{userid},</if>
			<if test="touserid != null">a.touserid = #{touserid},</if>
			<if test="touserid != null">a.commid = #{commid},</if>
			
			<if test="content != null">a.content = #{content},</if>
			<if test="imgs != null">a.imgs = #{imgs},</if>
			
			<if test="liken != null">a.liken = #{liken},</if>
			<if test="commn != null">a.commn = #{commn},</if>
			
			<if test="utime != null">a.utime = #{utime},</if>
			<if test="isdel != null">a.isdel = #{isdel},</if>
		</trim>
		WHERE a.id = #{id}
	</update>
	
	<select id="refids" resultType="Comment" parameterType="java.lang.Long" >
		SELECT a.id, a.artid, a.userid, art.userid authorid
		FROM tbl_comment a 
		LEFT JOIN tbl_article art on art.id = a.artid
		WHERE a.id = #{id}
	</select>
	
    
</mapper>