<?xml version="1.0" encoding="UTF-8"?>
<!DOCTYPE mapper PUBLIC "-//mybatis.org//DTD Mapper 3.0//EN"
	"http://mybatis.org/dtd/mybatis-3-mapper.dtd">

<mapper namespace="com.bszy.admin.mapper.SliderMapper" >

	<sql id="sql_list_where">
		<trim prefix="WHERE" prefixOverrides="AND | OR">
			<if test="name != null and name != ''">AND a.name LIKE CONCAT('%',#{name},'%' )</if>
			<if test="pos != null">AND a.pos = #{pos}</if>
			<if test="isdel != null">AND a.isdel = #{isdel}</if>
		</trim>
	</sql>
	<select id="list" resultType="Slider" >
		SELECT a.* FROM tbl_slider a
		<include refid="sql_list_where"></include>
		<include refid="Common.sql_order_limit"></include>
	</select>
	<select id="lscount" resultType="Long" >
		SELECT COUNT(0) FROM tbl_slider a
		<include refid="sql_list_where"></include>
	</select>
	
	<sql id="sql_list_simple_where">
		<trim prefix="WHERE" prefixOverrides="AND | OR">
			<if test="name != null and name != ''">AND a.name LIKE CONCAT('%',#{name},'%' )</if>
			<if test="pos != null">AND a.pos = #{pos}</if>
			<if test="isdel != null">AND a.isdel = #{isdel}</if>
		</trim>
	</sql>
	<select id="list_simple" resultType="AppSliderSimple" >
		SELECT a.* FROM tbl_slider a
		<include refid="sql_list_simple_where"></include>
		<include refid="Common.sql_order_limit"></include>
	</select>
	<select id="lscount_simple" resultType="Long" >
		SELECT COUNT(0) FROM tbl_slider a
		<include refid="sql_list_simple_where"></include>
	</select>
	
	
	<select id="get" resultType="Slider" >
		SELECT a.* FROM tbl_slider a WHERE a.id = #{id}
	</select>
	<delete id="delete">
		DELETE FROM tbl_slider WHERE id = #{id}
	</delete>
	<delete id="dels">
		DELETE FROM tbl_slider WHERE id in(${ids})
	</delete>
	
	<insert id="add" useGeneratedKeys="true" keyProperty="id" >
		INSERT INTO tbl_slider(name, img, sortn, pos, brief, link,
			ctime, utime, isdel) 
		VALUES(#{name}, #{img}, #{sortn}, #{pos}, #{brief}, #{link}, 
			#{ctime}, #{utime}, #{isdel})
	</insert>
	<update id="update" >
		UPDATE tbl_slider a
		<trim prefix="SET" suffixOverrides=",">
			<if test="name != null">a.name = #{name},</if>
			<if test="img != null">a.img = #{img},</if>
			<if test="sortn != null">a.sortn = #{sortn},</if>
			<if test="pos != null">a.pos = #{pos},</if>
			<if test="brief != null">a.brief = #{brief},</if>
			<if test="link != null">a.link = #{link},</if>
			
			<if test="utime != null">a.utime = #{utime},</if>
			<if test="isdel != null">a.isdel = #{isdel},</if>
		</trim>
		WHERE a.id = #{id}
	</update>
	
    
</mapper>