<?xml version="1.0" encoding="UTF-8"?>
<!DOCTYPE mapper PUBLIC "-//mybatis.org//DTD Mapper 3.0//EN"
	"http://mybatis.org/dtd/mybatis-3-mapper.dtd">

<mapper namespace="com.bszy.app.mapper.AppArticleMapper">
	
	<select id="list" resultType="AppArticle" >
		select a.*, u.nname usernname, c.name catename
		from tbl_article a left join tbl_user u on a.userid = u.id
			left join tbl_category c on a.cateid = c.id
		<if test="limit != null">LIMIT #{start},#{limit}</if>
	</select>
	<select id="lscount" resultType="Long" >
		select count(0)
		from tbl_article a left join tbl_user u on a.userid = u.id
			left join tbl_category c on a.cateid = c.id
	</select>
	
	<select id="get" resultType="Article" parameterType="Long" >
		select a.*, u.nname usernname, c.name catename
		from tbl_article a left join tbl_user u on a.userid = u.id
			left join tbl_category c on a.cateid = c.id
		where a.id = #{id}
	</select>
	
    
</mapper>