<?xml version="1.0" encoding="UTF-8"?>
<!DOCTYPE mapper PUBLIC "-//mybatis.org//DTD Mapper 3.0//EN"
	"http://mybatis.org/dtd/mybatis-3-mapper.dtd">

<mapper namespace="com.bszy.app.mapper.AppSliderMapper" >

	<sql id="sql_list_where">
		<trim prefix="WHERE" prefixOverrides="AND | OR">
			<if test="name != null and name != ''">AND a.name LIKE CONCAT('%',#{name},'%' )</if>
			<if test="pos != null">AND a.pos = #{pos}</if>
			<if test="isdel != null">AND a.isdel = #{isdel}</if>
		</trim>
	</sql>
	
	<select id="list" resultType="AppSlider" >
		SELECT a.* FROM tbl_slider a
		<include refid="sql_list_where"></include>
		<include refid="Common.sql_order_limit"></include>
	</select>
	<select id="lscount" resultType="Long" >
		SELECT COUNT(0) FROM tbl_slider a
		<include refid="sql_list_where"></include>
	</select>
	
	
	<select id="get" resultType="AppSlider" >
		SELECT a.* FROM tbl_slider a WHERE a.id = #{id}
	</select>
	
    
</mapper>