<?xml version="1.0" encoding="UTF-8"?>
<!DOCTYPE mapper PUBLIC "-//mybatis.org//DTD Mapper 3.0//EN"
	"http://mybatis.org/dtd/mybatis-3-mapper.dtd">

<mapper namespace="Common" >
	
    <sql id="sql_order_limit">
		<choose>
			<when test="orderby != null and orderby != ''">ORDER BY ${orderby}</when>
			<otherwise>ORDER BY a.id desc</otherwise>
		</choose>
		<if test="limit != null and limit > 0">LIMIT #{start}, #{limit}</if>
	</sql>
	
	<sql id="sql_order_asc_limit">
		<choose>
			<when test="orderby != null and orderby != ''">ORDER BY ${orderby}</when>
			<otherwise>ORDER BY a.id asc</otherwise>
		</choose>
		<if test="limit != null and limit > 0">LIMIT #{start}, #{limit}</if>
	</sql>
  
</mapper>